Epoch seconds,Date
1769068764,2026-01-22 07:59:24,          popup zone
1769068764,2026-01-22 07:59:24,"
"
1769068764,2026-01-22 07:59:24,"
              * No content"
1769068764,2026-01-22 07:59:24,"
            Do not display again today Close"
1769068764,2026-01-22 07:59:24,"
            popup"
1769068764,2026-01-22 07:59:24,"
            eng"
1769068764,2026-01-22 07:59:24,"
                kor"
1769068764,2026-01-22 07:59:24,"
                eng"
1769068764,2026-01-22 07:59:24,"
            LOGIN"
1769068764,2026-01-22 07:59:24,"
"
1769068764,2026-01-22 07:59:24,"
              SEARCH"
1769068764,2026-01-22 07:59:24,"
"
1769068764,2026-01-22 07:59:24,"
                  검색"
1769068764,2026-01-22 07:59:24,"
"
1769068764,2026-01-22 07:59:24,"
                Popular topics"
1769068764,2026-01-22 07:59:24,"
"
1769068764,2026-01-22 07:59:24,"
                  # Academic Calendar # Scholarship # library # Tuition # Certificate # Course registration # Dormitory # Graduate # Departments & Programs"
1769068764,2026-01-22 07:59:24,"
              닫기"
1769068764,2026-01-22 07:59:24,"
          #"
1769068764,2026-01-22 07:59:24,"
"
1769068764,2026-01-22 07:59:24,"
            * About DU"
1769068764,2026-01-22 07:59:24,"
            * Academics"
1769068764,2026-01-22 07:59:24,"
            * Research"
1769068764,2026-01-22 07:59:24,"
            * Admission"
1769068764,2026-01-22 07:59:24,"
            * International"
1769068764,2026-01-22 07:59:24,"
            * Giving to DU"
1769068764,2026-01-22 07:59:24,"
            * News"
1769068764,2026-01-22 07:59:24,"
              * nDRIMS"
1769068764,2026-01-22 07:59:24,"
              * Dream PATH"
1769068764,2026-01-22 07:59:24,"
              * groupware"
1769068764,2026-01-22 07:59:24,"
              * portal"
1769068764,2026-01-22 07:59:24,"
              * webmail"
1769068764,2026-01-22 07:59:24,"
              * sitemap"
1769068764,2026-01-22 07:59:24,"
"
1769068764,2026-01-22 07:59:24,"
        International"
1769068764,2026-01-22 07:59:24,"
"
1769068764,2026-01-22 07:59:24,"
              * 홈"
1769068764,2026-01-22 07:59:24,"
              * International"
1769068764,2026-01-22 07:59:24,"
              * Exchange Program"
1769068764,2026-01-22 07:59:24,"
              * Partner University"
1769068764,2026-01-22 07:59:24,"
              * 인쇄"
1769068764,2026-01-22 07:59:24,"
              * 공유"
1769068764,2026-01-22 07:59:24,"
                  페이스북 공유하기 트위터 공유하기"
1769068764,2026-01-22 07:59:24,"
"
1769068764,2026-01-22 07:59:24,"
          Partner University"
1769068764,2026-01-22 07:59:24,"
"
1769068764,2026-01-22 07:59:24,"
              * Asia"
1769068764,2026-01-22 07:59:24,"
              * Asia(South-East, Central, Middle)"
1769068764,2026-01-22 07:59:24,"
              * America"
1769068764,2026-01-22 07:59:24,"
              * Africa"
1769068764,2026-01-22 07:59:24,"
              * Europe"
1769068764,2026-01-22 07:59:24,"
              * Oceania"
1769068764,2026-01-22 07:59:24,"
"
1769068764,2026-01-22 07:59:24,"
          Asia(South-East, Central, Middle)"
1769068764,2026-01-22 07:59:24,"
"
1769068764,2026-01-22 07:59:24,"
              Country                                                                             University                                    "
1769068764,2026-01-22 07:59:24,"
              Brunei                                                                              Universiti Brunei Darussalam                  "
1769068764,2026-01-22 07:59:24,"
              India                                                                               Amity University Uttar Pradesh                "
1769068764,2026-01-22 07:59:24,"
              Anna University                                                                   "
1769068764,2026-01-22 07:59:24,"
              Christ University                                                                 "
1769068764,2026-01-22 07:59:24,"
              Hindustan University                                                              "
1769068764,2026-01-22 07:59:24,"
              Hyundai Motor India                                                               "
1769068764,2026-01-22 07:59:24,"
              Indian institute of Technology, Bombay(IIT-B)                                     "
1769068764,2026-01-22 07:59:24,"
              Jawaharlal Nehru                                                                  "
1769068764,2026-01-22 07:59:24,"
              KIIT University                                                                   "
1769068764,2026-01-22 07:59:24,"
              Punjab Technical University                                                       "
1769068764,2026-01-22 07:59:24,"
              Rajagiri Center for Business Studies                                              "
1769068764,2026-01-22 07:59:24,"
              Shivaji University                                                                "
1769068764,2026-01-22 07:59:24,"
              SRM University                                                                    "
1769068764,2026-01-22 07:59:24,"
              Institute of Chemical Technology                                                  "
1769068764,2026-01-22 07:59:24,"
              Indonesia                                                                           Binus University                              "
1769068764,2026-01-22 07:59:24,"
              Politeknik TEDC Bandung                                                           "
1769068764,2026-01-22 07:59:24,"
              Universitas Airlangga                                                             "
1769068764,2026-01-22 07:59:24,"
              Universitas Indonesia                                                             "
1769068764,2026-01-22 07:59:24,"
              Kazakhstan                                                                          Al-Farabi Kazakh National University          "
1769068764,2026-01-22 07:59:24,"
              Kazakh National Pedagogical University                                            "
1769068764,2026-01-22 07:59:24,"
              KIMEP University                                                                  "
1769068764,2026-01-22 07:59:24,"
              Kyrgyzstan                                                                          Kyrgyz State National University              "
1769068764,2026-01-22 07:59:24,"
              Lebanon                                                                             The Lebanese University                       "
1769068764,2026-01-22 07:59:24,"
              Laos                                                                                National University of Laos                   "
1769068764,2026-01-22 07:59:24,"
              Malaysia                                                                            Universiti Putra Malaysia                     "
1769068764,2026-01-22 07:59:24,"
              University of Malaya                                                              "
1769068764,2026-01-22 07:59:24,"
              University Technology Malaysia                                                    "
1769068764,2026-01-22 07:59:24,"
              Curtin University Malaysia                                                        "
1769068764,2026-01-22 07:59:24,"
              University of Nottingham, Malaysia                                                "
1769068764,2026-01-22 07:59:24,"
              Mongolia                                                                            Mongolian University of Science and Technology"
1769068764,2026-01-22 07:59:24,"
              National University of Mongolia                                                   "
1769068764,2026-01-22 07:59:24,"
              Mongolian University of Life Sciences                                             "
1769068764,2026-01-22 07:59:24,"
              University of the Humanities, Mongolia                                            "
1769068764,2026-01-22 07:59:24,"
              Nepal                                                                               Lumbini Buddhist University                   "
1769068764,2026-01-22 07:59:24,"
              Singapore                                                                           Singapore Institute of Management             "
1769068764,2026-01-22 07:59:24,"
              Singapore Management University                                                   "
1769068764,2026-01-22 07:59:24,"
              Sri Lanka                                                                           University of Sri Jayewardenepura             "
1769068764,2026-01-22 07:59:24,"
              Oman                                                                                Middle East College                           "
1769068764,2026-01-22 07:59:24,"
              Philippines                                                                         University of Asia and The Pacific            "
1769068764,2026-01-22 07:59:24,"
              University of Cordilleras                                                         "
1769068764,2026-01-22 07:59:24,"
              University of Philipines                                                          "
1769068764,2026-01-22 07:59:24,"
              University of Santo Tomas                                                         "
1769068764,2026-01-22 07:59:24,"
              Sri Lanka                                                                           University of Kelaniya                        "
1769068764,2026-01-22 07:59:24,"
              University of Peradeniya                                                          "
1769068764,2026-01-22 07:59:24,"
              Thailand                                                                            Chiang Mai University                         "
1769068764,2026-01-22 07:59:24,"
              Mahidol University                                                                "
1769068764,2026-01-22 07:59:24,"
              Mahachulalongkornrajavidyalaya University                                         "
1769068764,2026-01-22 07:59:24,"
              Vietnam                                                                             Hanoi University of Technology                "
1769068764,2026-01-22 07:59:24,"
              University of Dalat                                                               "
1769068764,2026-01-22 07:59:24,"
              University of Languages & International Studies Vietnam National University, Hanoi"
1769068764,2026-01-22 07:59:24,"
              Vietnam National University                                                       "
1769068764,2026-01-22 07:59:24,"
              HCMC University of Transport                                                      "
1769068764,2026-01-22 07:59:24,"
              University of Social Sciences and Humanities, VNUHCM                              "
1769068764,2026-01-22 07:59:24,"
              Ton Duc Thang University                                                          "
1769068764,2026-01-22 07:59:24,"
              "
1769068764,2026-01-22 07:59:24,"
              * Department"
1769068764,2026-01-22 07:59:24,"
"
1769068764,2026-01-22 07:59:24,"
                Office of International Relations"
1769068764,2026-01-22 07:59:24,"
"
1769068764,2026-01-22 07:59:24,"
              * Contact"
1769068764,2026-01-22 07:59:24,"
"
1769068764,2026-01-22 07:59:24,"
                +82-2-2260-3483 / incoming@dongguk.edu"
1769068764,2026-01-22 07:59:24,"
"
1769068764,2026-01-22 07:59:24,"
            * About DU"
1769068764,2026-01-22 07:59:24,"
"
1769068764,2026-01-22 07:59:24,"
                + Greetings"
1769068764,2026-01-22 07:59:24,"
                + History"
1769068764,2026-01-22 07:59:24,"
                + School Spirit & Symbol"
1769068764,2026-01-22 07:59:24,"
                + Video Clip"
1769068764,2026-01-22 07:59:24,"
                + Contact us"
1769068764,2026-01-22 07:59:24,"
"
1769068764,2026-01-22 07:59:24,"
            * Academics"
1769068764,2026-01-22 07:59:24,"
"
1769068764,2026-01-22 07:59:24,"
                + Academics"
1769068764,2026-01-22 07:59:24,"
                + Colleges"
1769068764,2026-01-22 07:59:24,"
                + Graduate Schools"
1769068764,2026-01-22 07:59:24,"
"
1769068764,2026-01-22 07:59:24,"
            * Admission"
1769068764,2026-01-22 07:59:24,"
"
1769068764,2026-01-22 07:59:24,"
                + Undergraduates(本科)"
1769068764,2026-01-22 07:59:24,"
                + Graduates(大學院)"
1769068764,2026-01-22 07:59:24,"
                + GKS"
1769068764,2026-01-22 07:59:24,"
                + KGSP-G"
1769068764,2026-01-22 07:59:24,"
                + SRD Scholarship admission"
1769068764,2026-01-22 07:59:24,"
"
1769068764,2026-01-22 07:59:24,"
            * International"
1769068764,2026-01-22 07:59:24,"
"
1769068764,2026-01-22 07:59:24,"
                + Office of International Affairs"
1769068764,2026-01-22 07:59:24,"
                + Exchange Program"
1769068764,2026-01-22 07:59:24,"
                + International Summer School"
1769068764,2026-01-22 07:59:24,"
                + International Student Life"
1769068764,2026-01-22 07:59:24,"
                + Korean Language Program"
1769068764,2026-01-22 07:59:24,"
                + Notice(Korean)"
1769068764,2026-01-22 07:59:24,"
                + Student Guide Book"
1769068764,2026-01-22 07:59:24,"
"
1769068764,2026-01-22 07:59:24,"
            * Giving to DU"
1769068764,2026-01-22 07:59:24,"
"
1769068764,2026-01-22 07:59:24,"
            * News"
1769068764,2026-01-22 07:59:24,"
"
1769068764,2026-01-22 07:59:24,"
                + Notice"
1769068764,2026-01-22 07:59:24,"
                + News Clipping"
1769068764,2026-01-22 07:59:24,"
                + Dongguk Gallery"
1769068764,2026-01-22 07:59:24,"
              Seoul Campus 30, Pildong-ro 1-gil, Jung-gu, Seoul, 04620, Republic of Korea Tel +82-2-2260-3314 Fax +82-2-2260-2277"
1769068764,2026-01-22 07:59:24,"
              E-mail incoming@dongguk.edu (Exchang Program) scf@dongguk.edu (International Students Services) adm@dongguk.edu (International admission) cscenter@dongguk.edu"
1769068764,2026-01-22 07:59:24,"
              (Certificate Issuance, Education Verification) kic@dongguk.edu (Korean Language Course)"
1769068764,2026-01-22 07:59:24,"
          Copyright(c) 2022 DONGGUK UNIVERSITY. ALL RIGHTS RESERVED."
1773875836,2026-03-18 23:17:16,          popup zone
1773875836,2026-03-18 23:17:16,"
"
1773875836,2026-03-18 23:17:16,"
              * No content"
1773875836,2026-03-18 23:17:16,"
            Do not display again today Close"
1773875836,2026-03-18 23:17:16,"
            popup"
1773875836,2026-03-18 23:17:16,"
            eng"
1773875836,2026-03-18 23:17:16,"
                kor"
1773875836,2026-03-18 23:17:16,"
                eng"
1773875836,2026-03-18 23:17:16,"
            LOGIN"
1773875836,2026-03-18 23:17:16,"
"
1773875836,2026-03-18 23:17:16,"
              SEARCH"
1773875836,2026-03-18 23:17:16,"
"
1773875836,2026-03-18 23:17:16,"
                  검색"
1773875836,2026-03-18 23:17:16,"
"
1773875836,2026-03-18 23:17:16,"
                Popular topics"
1773875836,2026-03-18 23:17:16,"
"
1773875836,2026-03-18 23:17:16,"
                  # Academic Calendar # Scholarship # library # Tuition # Certificate # Course registration # Dormitory # Graduate # Departments & Programs"
1773875836,2026-03-18 23:17:16,"
              닫기"
1773875836,2026-03-18 23:17:16,"
          #"
1773875836,2026-03-18 23:17:16,"
"
1773875836,2026-03-18 23:17:16,"
            * About DU"
1773875836,2026-03-18 23:17:16,"
            * Academics"
1773875836,2026-03-18 23:17:16,"
            * Research"
1773875836,2026-03-18 23:17:16,"
            * Admission"
1773875836,2026-03-18 23:17:16,"
            * International"
1773875836,2026-03-18 23:17:16,"
            * Giving to DU"
1773875836,2026-03-18 23:17:16,"
            * News"
1773875836,2026-03-18 23:17:16,"
              * nDRIMS"
1773875836,2026-03-18 23:17:16,"
              * Dream PATH"
1773875836,2026-03-18 23:17:16,"
              * groupware"
1773875836,2026-03-18 23:17:16,"
              * portal"
1773875836,2026-03-18 23:17:16,"
              * webmail"
1773875836,2026-03-18 23:17:16,"
              * sitemap"
1773875836,2026-03-18 23:17:16,"
"
1773875836,2026-03-18 23:17:16,"
        International"
1773875836,2026-03-18 23:17:16,"
"
1773875836,2026-03-18 23:17:16,"
              * 홈"
1773875836,2026-03-18 23:17:16,"
              * International"
1773875836,2026-03-18 23:17:16,"
              * Exchange Program"
1773875836,2026-03-18 23:17:16,"
              * Partner University"
1773875836,2026-03-18 23:17:16,"
              * 인쇄"
1773875836,2026-03-18 23:17:16,"
              * 공유"
1773875836,2026-03-18 23:17:16,"
                  페이스북 공유하기 트위터 공유하기"
1773875836,2026-03-18 23:17:16,"
"
1773875836,2026-03-18 23:17:16,"
          Partner University"
1773875836,2026-03-18 23:17:16,"
"
1773875836,2026-03-18 23:17:16,"
              * Asia"
1773875836,2026-03-18 23:17:16,"
              * Asia(South-East, Central, Middle)"
1773875836,2026-03-18 23:17:16,"
              * America"
1773875836,2026-03-18 23:17:16,"
              * Africa"
1773875836,2026-03-18 23:17:16,"
              * Europe"
1773875836,2026-03-18 23:17:16,"
              * Oceania"
1773875836,2026-03-18 23:17:16,"
"
1773875836,2026-03-18 23:17:16,"
          Asia(South-East, Central, Middle)"
1773875836,2026-03-18 23:17:16,"
"
1773875836,2026-03-18 23:17:16,"
              Country                                                                             University                                    "
1773875836,2026-03-18 23:17:16,"
              Brunei                                                                              Universiti Brunei Darussalam                  "
1773875836,2026-03-18 23:17:16,"
              India                                                                               Amity University Uttar Pradesh                "
1773875836,2026-03-18 23:17:16,"
              Anna University                                                                   "
1773875836,2026-03-18 23:17:16,"
              Christ University                                                                 "
1773875836,2026-03-18 23:17:16,"
              Hindustan University                                                              "
1773875836,2026-03-18 23:17:16,"
              Hyundai Motor India                                                               "
1773875836,2026-03-18 23:17:16,"
              Indian institute of Technology, Bombay(IIT-B)                                     "
1773875836,2026-03-18 23:17:16,"
              Jawaharlal Nehru                                                                  "
1773875836,2026-03-18 23:17:16,"
              KIIT University                                                                   "
1773875836,2026-03-18 23:17:16,"
              Punjab Technical University                                                       "
1773875836,2026-03-18 23:17:16,"
              Rajagiri Center for Business Studies                                              "
1773875836,2026-03-18 23:17:16,"
              Shivaji University                                                                "
1773875836,2026-03-18 23:17:16,"
              SRM University                                                                    "
1773875836,2026-03-18 23:17:16,"
              Institute of Chemical Technology                                                  "
1773875836,2026-03-18 23:17:16,"
              Indonesia                                                                           Binus University                              "
1773875836,2026-03-18 23:17:16,"
              Politeknik TEDC Bandung                                                           "
1773875836,2026-03-18 23:17:16,"
              Universitas Airlangga                                                             "
1773875836,2026-03-18 23:17:16,"
              Universitas Indonesia                                                             "
1773875836,2026-03-18 23:17:16,"
              Kazakhstan                                                                          Al-Farabi Kazakh National University          "
1773875836,2026-03-18 23:17:16,"
              Kazakh National Pedagogical University                                            "
1773875836,2026-03-18 23:17:16,"
              KIMEP University                                                                  "
1773875836,2026-03-18 23:17:16,"
              Kyrgyzstan                                                                          Kyrgyz State National University              "
1773875836,2026-03-18 23:17:16,"
              Lebanon                                                                             The Lebanese University                       "
1773875836,2026-03-18 23:17:16,"
              Laos                                                                                National University of Laos                   "
1773875836,2026-03-18 23:17:16,"
              Malaysia                                                                            Universiti Putra Malaysia                     "
1773875836,2026-03-18 23:17:16,"
              University of Malaya                                                              "
1773875836,2026-03-18 23:17:16,"
              University Technology Malaysia                                                    "
1773875836,2026-03-18 23:17:16,"
              Curtin University Malaysia                                                        "
1773875836,2026-03-18 23:17:16,"
              University of Nottingham, Malaysia                                                "
1773875836,2026-03-18 23:17:16,"
              Mongolia                                                                            Mongolian University of Science and Technology"
1773875836,2026-03-18 23:17:16,"
              National University of Mongolia                                                   "
1773875836,2026-03-18 23:17:16,"
              Mongolian University of Life Sciences                                             "
1773875836,2026-03-18 23:17:16,"
              University of the Humanities, Mongolia                                            "
1773875836,2026-03-18 23:17:16,"
              Nepal                                                                               Lumbini Buddhist University                   "
1773875836,2026-03-18 23:17:16,"
              Singapore                                                                           Singapore Institute of Management             "
1773875836,2026-03-18 23:17:16,"
              Singapore Management University                                                   "
1773875836,2026-03-18 23:17:16,"
              Sri Lanka                                                                           University of Sri Jayewardenepura             "
1773875836,2026-03-18 23:17:16,"
              Oman                                                                                Middle East College                           "
1773875836,2026-03-18 23:17:16,"
              Philippines                                                                         University of Asia and The Pacific            "
1773875836,2026-03-18 23:17:16,"
              University of Cordilleras                                                         "
1773875836,2026-03-18 23:17:16,"
              University of Philipines                                                          "
1773875836,2026-03-18 23:17:16,"
              University of Santo Tomas                                                         "
1773875836,2026-03-18 23:17:16,"
              Sri Lanka                                                                           University of Kelaniya                        "
1773875836,2026-03-18 23:17:16,"
              University of Peradeniya                                                          "
1773875836,2026-03-18 23:17:16,"
              Thailand                                                                            Chiang Mai University                         "
1773875836,2026-03-18 23:17:16,"
              Mahidol University                                                                "
1773875836,2026-03-18 23:17:16,"
              Mahachulalongkornrajavidyalaya University                                         "
1773875836,2026-03-18 23:17:16,"
              Vietnam                                                                             Hanoi University of Technology                "
1773875836,2026-03-18 23:17:16,"
              University of Dalat                                                               "
1773875836,2026-03-18 23:17:16,"
              University of Languages & International Studies Vietnam National University, Hanoi"
1773875836,2026-03-18 23:17:16,"
              Vietnam National University                                                       "
1773875836,2026-03-18 23:17:16,"
              HCMC University of Transport                                                      "
1773875836,2026-03-18 23:17:16,"
              University of Social Sciences and Humanities, VNUHCM                              "
1773875836,2026-03-18 23:17:16,"
              Ton Duc Thang University                                                          "
1773875836,2026-03-18 23:17:16,"
              "
1773875836,2026-03-18 23:17:16,"
              * Department"
1773875836,2026-03-18 23:17:16,"
"
1773875836,2026-03-18 23:17:16,"
                Office of International Relations"
1773875836,2026-03-18 23:17:16,"
"
1773875836,2026-03-18 23:17:16,"
              * Contact"
1773875836,2026-03-18 23:17:16,"
"
1773875836,2026-03-18 23:17:16,"
                +82-2-2260-3483 / incoming@dongguk.edu"
1773875836,2026-03-18 23:17:16,"
"
1773875836,2026-03-18 23:17:16,"
            * About DU"
1773875836,2026-03-18 23:17:16,"
"
1773875836,2026-03-18 23:17:16,"
                + Greetings"
1773875836,2026-03-18 23:17:16,"
                + History"
1773875836,2026-03-18 23:17:16,"
                + Gender Equality Plan(GEP)"
1773875836,2026-03-18 23:17:16,"
                + School Spirit & Symbol"
1773875836,2026-03-18 23:17:16,"
                + Video Clip"
1773875836,2026-03-18 23:17:16,"
                + Contact us"
1773875836,2026-03-18 23:17:16,"
"
1773875836,2026-03-18 23:17:16,"
            * Academics"
1773875836,2026-03-18 23:17:16,"
"
1773875836,2026-03-18 23:17:16,"
                + Academics"
1773875836,2026-03-18 23:17:16,"
                + Colleges"
1773875836,2026-03-18 23:17:16,"
                + Graduate Schools"
1773875836,2026-03-18 23:17:16,"
"
1773875836,2026-03-18 23:17:16,"
            * Admission"
1773875836,2026-03-18 23:17:16,"
"
1773875836,2026-03-18 23:17:16,"
                + Undergraduates(本科)"
1773875836,2026-03-18 23:17:16,"
                + Graduates(大學院)"
1773875836,2026-03-18 23:17:16,"
                + GKS"
1773875836,2026-03-18 23:17:16,"
                + KGSP-G"
1773875836,2026-03-18 23:17:16,"
                + SRD Scholarship admission"
1773875836,2026-03-18 23:17:16,"
"
1773875836,2026-03-18 23:17:16,"
            * International"
1773875836,2026-03-18 23:17:16,"
"
1773875836,2026-03-18 23:17:16,"
                + Office of International Affairs"
1773875836,2026-03-18 23:17:16,"
                + Exchange Program"
1773875836,2026-03-18 23:17:16,"
                + International Summer School"
1773875836,2026-03-18 23:17:16,"
                + International Student Life"
1773875836,2026-03-18 23:17:16,"
                + Korean Language Program"
1773875836,2026-03-18 23:17:16,"
                + Notice(Korean)"
1773875836,2026-03-18 23:17:16,"
                + Student Guide Book"
1773875836,2026-03-18 23:17:16,"
"
1773875836,2026-03-18 23:17:16,"
            * Giving to DU"
1773875836,2026-03-18 23:17:16,"
"
1773875836,2026-03-18 23:17:16,"
            * News"
1773875836,2026-03-18 23:17:16,"
"
1773875836,2026-03-18 23:17:16,"
                + Notice"
1773875836,2026-03-18 23:17:16,"
                + News Clipping"
1773875836,2026-03-18 23:17:16,"
                + Dongguk Gallery"
1773875836,2026-03-18 23:17:16,"
              Seoul Campus 30, Pildong-ro 1-gil, Jung-gu, Seoul, 04620, Republic of Korea Tel +82-2-2260-3314 Fax +82-2-2260-2277"
1773875836,2026-03-18 23:17:16,"
              E-mail incoming@dongguk.edu (Exchang Program) scf@dongguk.edu (International Students Services) adm@dongguk.edu (International admission) cscenter@dongguk.edu"
1773875836,2026-03-18 23:17:16,"
              (Certificate Issuance, Education Verification) kic@dongguk.edu (Korean Language Course)"
1773875836,2026-03-18 23:17:16,"
          Copyright(c) 2022 DONGGUK UNIVERSITY. ALL RIGHTS RESERVED."
1773962237,2026-03-19 23:17:17,          popup zone
1773962237,2026-03-19 23:17:17,"
"
1773962237,2026-03-19 23:17:17,"
              * No content"
1773962237,2026-03-19 23:17:17,"
            Do not display again today Close"
1773962237,2026-03-19 23:17:17,"
            popup"
1773962237,2026-03-19 23:17:17,"
            eng"
1773962237,2026-03-19 23:17:17,"
                kor"
1773962237,2026-03-19 23:17:17,"
                eng"
1773962237,2026-03-19 23:17:17,"
            LOGIN"
1773962237,2026-03-19 23:17:17,"
"
1773962237,2026-03-19 23:17:17,"
              SEARCH"
1773962237,2026-03-19 23:17:17,"
"
1773962237,2026-03-19 23:17:17,"
                  검색"
1773962237,2026-03-19 23:17:17,"
"
1773962237,2026-03-19 23:17:17,"
                Popular topics"
1773962237,2026-03-19 23:17:17,"
"
1773962237,2026-03-19 23:17:17,"
                  # Academic Calendar # Scholarship # library # Tuition # Certificate # Course registration # Dormitory # Graduate # Departments & Programs"
1773962237,2026-03-19 23:17:17,"
              닫기"
1773962237,2026-03-19 23:17:17,"
          #"
1773962237,2026-03-19 23:17:17,"
"
1773962237,2026-03-19 23:17:17,"
            * About DU"
1773962237,2026-03-19 23:17:17,"
            * Academics"
1773962237,2026-03-19 23:17:17,"
            * Research"
1773962237,2026-03-19 23:17:17,"
            * Admission"
1773962237,2026-03-19 23:17:17,"
            * International"
1773962237,2026-03-19 23:17:17,"
            * Giving to DU"
1773962237,2026-03-19 23:17:17,"
            * News"
1773962237,2026-03-19 23:17:17,"
              * nDRIMS"
1773962237,2026-03-19 23:17:17,"
              * Dream PATH"
1773962237,2026-03-19 23:17:17,"
              * groupware"
1773962237,2026-03-19 23:17:17,"
              * portal"
1773962237,2026-03-19 23:17:17,"
              * webmail"
1773962237,2026-03-19 23:17:17,"
              * sitemap"
1773962237,2026-03-19 23:17:17,"
"
1773962237,2026-03-19 23:17:17,"
        International"
1773962237,2026-03-19 23:17:17,"
"
1773962237,2026-03-19 23:17:17,"
              * 홈"
1773962237,2026-03-19 23:17:17,"
              * International"
1773962237,2026-03-19 23:17:17,"
              * Exchange Program"
1773962237,2026-03-19 23:17:17,"
              * Partner University"
1773962237,2026-03-19 23:17:17,"
              * 인쇄"
1773962237,2026-03-19 23:17:17,"
              * 공유"
1773962237,2026-03-19 23:17:17,"
                  페이스북 공유하기 트위터 공유하기"
1773962237,2026-03-19 23:17:17,"
"
1773962237,2026-03-19 23:17:17,"
          Partner University"
1773962237,2026-03-19 23:17:17,"
"
1773962237,2026-03-19 23:17:17,"
              * Asia"
1773962237,2026-03-19 23:17:17,"
              * Asia(South-East, Central, Middle)"
1773962237,2026-03-19 23:17:17,"
              * America"
1773962237,2026-03-19 23:17:17,"
              * Africa"
1773962237,2026-03-19 23:17:17,"
              * Europe"
1773962237,2026-03-19 23:17:17,"
              * Oceania"
1773962237,2026-03-19 23:17:17,"
"
1773962237,2026-03-19 23:17:17,"
          Asia(South-East, Central, Middle)"
1773962237,2026-03-19 23:17:17,"
"
1773962237,2026-03-19 23:17:17,"
              Country                                                                             University                                    "
1773962237,2026-03-19 23:17:17,"
              Brunei                                                                              Universiti Brunei Darussalam                  "
1773962237,2026-03-19 23:17:17,"
              India                                                                               Amity University Uttar Pradesh                "
1773962237,2026-03-19 23:17:17,"
              Anna University                                                                   "
1773962237,2026-03-19 23:17:17,"
              Christ University                                                                 "
1773962237,2026-03-19 23:17:17,"
              Hindustan University                                                              "
1773962237,2026-03-19 23:17:17,"
              Hyundai Motor India                                                               "
1773962237,2026-03-19 23:17:17,"
              Indian institute of Technology, Bombay(IIT-B)                                     "
1773962237,2026-03-19 23:17:17,"
              Jawaharlal Nehru                                                                  "
1773962237,2026-03-19 23:17:17,"
              KIIT University                                                                   "
1773962237,2026-03-19 23:17:17,"
              Punjab Technical University                                                       "
1773962237,2026-03-19 23:17:17,"
              Rajagiri Center for Business Studies                                              "
1773962237,2026-03-19 23:17:17,"
              Shivaji University                                                                "
1773962237,2026-03-19 23:17:17,"
              SRM University                                                                    "
1773962237,2026-03-19 23:17:17,"
              Institute of Chemical Technology                                                  "
1773962237,2026-03-19 23:17:17,"
              Indonesia                                                                           Binus University                              "
1773962237,2026-03-19 23:17:17,"
              Politeknik TEDC Bandung                                                           "
1773962237,2026-03-19 23:17:17,"
              Universitas Airlangga                                                             "
1773962237,2026-03-19 23:17:17,"
              Universitas Indonesia                                                             "
1773962237,2026-03-19 23:17:17,"
              Kazakhstan                                                                          Al-Farabi Kazakh National University          "
1773962237,2026-03-19 23:17:17,"
              Kazakh National Pedagogical University                                            "
1773962237,2026-03-19 23:17:17,"
              KIMEP University                                                                  "
1773962237,2026-03-19 23:17:17,"
              Kyrgyzstan                                                                          Kyrgyz State National University              "
1773962237,2026-03-19 23:17:17,"
              Lebanon                                                                             The Lebanese University                       "
1773962237,2026-03-19 23:17:17,"
              Laos                                                                                National University of Laos                   "
1773962237,2026-03-19 23:17:17,"
              Malaysia                                                                            Universiti Putra Malaysia                     "
1773962237,2026-03-19 23:17:17,"
              University of Malaya                                                              "
1773962237,2026-03-19 23:17:17,"
              University Technology Malaysia                                                    "
1773962237,2026-03-19 23:17:17,"
              Curtin University Malaysia                                                        "
1773962237,2026-03-19 23:17:17,"
              University of Nottingham, Malaysia                                                "
1773962237,2026-03-19 23:17:17,"
              Mongolia                                                                            Mongolian University of Science and Technology"
1773962237,2026-03-19 23:17:17,"
              National University of Mongolia                                                   "
1773962237,2026-03-19 23:17:17,"
              Mongolian University of Life Sciences                                             "
1773962237,2026-03-19 23:17:17,"
              University of the Humanities, Mongolia                                            "
1773962237,2026-03-19 23:17:17,"
              Nepal                                                                               Lumbini Buddhist University                   "
1773962237,2026-03-19 23:17:17,"
              Singapore                                                                           Singapore Institute of Management             "
1773962237,2026-03-19 23:17:17,"
              Singapore Management University                                                   "
1773962237,2026-03-19 23:17:17,"
              Sri Lanka                                                                           University of Sri Jayewardenepura             "
1773962237,2026-03-19 23:17:17,"
              Oman                                                                                Middle East College                           "
1773962237,2026-03-19 23:17:17,"
              Philippines                                                                         University of Asia and The Pacific            "
1773962237,2026-03-19 23:17:17,"
              University of Cordilleras                                                         "
1773962237,2026-03-19 23:17:17,"
              University of Philipines                                                          "
1773962237,2026-03-19 23:17:17,"
              University of Santo Tomas                                                         "
1773962237,2026-03-19 23:17:17,"
              Sri Lanka                                                                           University of Kelaniya                        "
1773962237,2026-03-19 23:17:17,"
              University of Peradeniya                                                          "
1773962237,2026-03-19 23:17:17,"
              Thailand                                                                            Chiang Mai University                         "
1773962237,2026-03-19 23:17:17,"
              Mahidol University                                                                "
1773962237,2026-03-19 23:17:17,"
              Mahachulalongkornrajavidyalaya University                                         "
1773962237,2026-03-19 23:17:17,"
              Vietnam                                                                             Hanoi University of Technology                "
1773962237,2026-03-19 23:17:17,"
              University of Dalat                                                               "
1773962237,2026-03-19 23:17:17,"
              University of Languages & International Studies Vietnam National University, Hanoi"
1773962237,2026-03-19 23:17:17,"
              Vietnam National University                                                       "
1773962237,2026-03-19 23:17:17,"
              HCMC University of Transport                                                      "
1773962237,2026-03-19 23:17:17,"
              University of Social Sciences and Humanities, VNUHCM                              "
1773962237,2026-03-19 23:17:17,"
              Ton Duc Thang University                                                          "
1773962237,2026-03-19 23:17:17,"
              "
1773962237,2026-03-19 23:17:17,"
              * Department"
1773962237,2026-03-19 23:17:17,"
"
1773962237,2026-03-19 23:17:17,"
                Office of International Relations"
1773962237,2026-03-19 23:17:17,"
"
1773962237,2026-03-19 23:17:17,"
              * Contact"
1773962237,2026-03-19 23:17:17,"
"
1773962237,2026-03-19 23:17:17,"
                +82-2-2260-3483 / incoming@dongguk.edu"
1773962237,2026-03-19 23:17:17,"
"
1773962237,2026-03-19 23:17:17,"
            * About DU"
1773962237,2026-03-19 23:17:17,"
"
1773962237,2026-03-19 23:17:17,"
                + Greetings"
1773962237,2026-03-19 23:17:17,"
                + History"
1773962237,2026-03-19 23:17:17,"
                + School Spirit & Symbol"
1773962237,2026-03-19 23:17:17,"
                + Video Clip"
1773962237,2026-03-19 23:17:17,"
                + Contact us"
1773962237,2026-03-19 23:17:17,"
"
1773962237,2026-03-19 23:17:17,"
            * Academics"
1773962237,2026-03-19 23:17:17,"
"
1773962237,2026-03-19 23:17:17,"
                + Academics"
1773962237,2026-03-19 23:17:17,"
                + Colleges"
1773962237,2026-03-19 23:17:17,"
                + Graduate Schools"
1773962237,2026-03-19 23:17:17,"
"
1773962237,2026-03-19 23:17:17,"
            * Admission"
1773962237,2026-03-19 23:17:17,"
"
1773962237,2026-03-19 23:17:17,"
                + Undergraduates(本科)"
1773962237,2026-03-19 23:17:17,"
                + Graduates(大學院)"
1773962237,2026-03-19 23:17:17,"
                + GKS"
1773962237,2026-03-19 23:17:17,"
                + KGSP-G"
1773962237,2026-03-19 23:17:17,"
                + SRD Scholarship admission"
1773962237,2026-03-19 23:17:17,"
"
1773962237,2026-03-19 23:17:17,"
            * Research"
1773962237,2026-03-19 23:17:17,"
"
1773962237,2026-03-19 23:17:17,"
                + Research Achievements"
1773962237,2026-03-19 23:17:17,"
                + Industry-University"
1773962237,2026-03-19 23:17:17,"
                  Cooperation Foundation"
1773962237,2026-03-19 23:17:17,"
                + Research Institutes"
1773962237,2026-03-19 23:17:17,"
                + Research Information"
1773962237,2026-03-19 23:17:17,"
"
1773962237,2026-03-19 23:17:17,"
            * International"
1773962237,2026-03-19 23:17:17,"
"
1773962237,2026-03-19 23:17:17,"
                + Office of International Affairs"
1773962237,2026-03-19 23:17:17,"
                + Exchange Program"
1773962237,2026-03-19 23:17:17,"
                + International Summer School"
1773962237,2026-03-19 23:17:17,"
                + International Student Life"
1773962237,2026-03-19 23:17:17,"
                + Korean Language Program"
1773962237,2026-03-19 23:17:17,"
                + Notice(Korean)"
1773962237,2026-03-19 23:17:17,"
                + Student Guide Book"
1773962237,2026-03-19 23:17:17,"
"
1773962237,2026-03-19 23:17:17,"
            * Giving to DU"
1773962237,2026-03-19 23:17:17,"
"
1773962237,2026-03-19 23:17:17,"
            * News"
1773962237,2026-03-19 23:17:17,"
"
1773962237,2026-03-19 23:17:17,"
                + Notice"
1773962237,2026-03-19 23:17:17,"
                + News Clipping"
1773962237,2026-03-19 23:17:17,"
                + Dongguk Gallery"
1773962237,2026-03-19 23:17:17,"
              Seoul Campus 30, Pildong-ro 1-gil, Jung-gu, Seoul, 04620, Republic of Korea Tel +82-2-2260-3314 Fax +82-2-2260-2277"
1773962237,2026-03-19 23:17:17,"
              E-mail incoming@dongguk.edu (Exchang Program) scf@dongguk.edu (International Students Services) adm@dongguk.edu (International admission) cscenter@dongguk.edu"
1773962237,2026-03-19 23:17:17,"
              (Certificate Issuance, Education Verification) kic@dongguk.edu (Korean Language Course)"
1773962237,2026-03-19 23:17:17,"
          Copyright(c) 2022 DONGGUK UNIVERSITY. ALL RIGHTS RESERVED."
1777937575,2026-05-04 23:32:55,            이전
1777937575,2026-05-04 23:32:55,"
            다음"
1777937575,2026-05-04 23:32:55,"
            * No content"
1777937575,2026-05-04 23:32:55,"
          Do not display again today close"
1777937575,2026-05-04 23:32:55,"
      본문 바로가기 주메뉴 바로가기"
1777937575,2026-05-04 23:32:55,"
              nDRIMS Dream PATH groupware portal webmail sitemap"
1777937575,2026-05-04 23:32:55,"
                인스타그램 바로가기 페이스북 바로가기 네이버 블로그 바로가기 유튜브 바로가기"
1777937575,2026-05-04 23:32:55,"
                POPUP LOGIN"
1777937575,2026-05-04 23:32:55,"
"
1777937575,2026-05-04 23:32:55,"
              * About DU"
1777937575,2026-05-04 23:32:55,"
              * Academics"
1777937575,2026-05-04 23:32:55,"
              * Research"
1777937575,2026-05-04 23:32:55,"
              * Admission"
1777937575,2026-05-04 23:32:55,"
              * International"
1777937575,2026-05-04 23:32:55,"
              * Giving to DU"
1777937575,2026-05-04 23:32:55,"
              * News"
1777937575,2026-05-04 23:32:55,"
"
1777937575,2026-05-04 23:32:55,"
          SEARCH DONGGUK UNIVERSITY"
1777937575,2026-05-04 23:32:55,"
"
1777937575,2026-05-04 23:32:55,"
            Popular topics"
1777937575,2026-05-04 23:32:55,"
"
1777937575,2026-05-04 23:32:55,"
              # Academic Calendar # Scholarship # library # Tuition # Certificate # Course registration # Dormitory # Graduate # Departments & Programs"
1777937575,2026-05-04 23:32:55,"
"
1777937575,2026-05-04 23:32:55,"
          * 홈"
1777937575,2026-05-04 23:32:55,"
          * 인쇄"
1777937575,2026-05-04 23:32:55,"
          * 공유"
1777937575,2026-05-04 23:32:55,"
              페이스북 공유하기 트위터 공유하기"
1777937575,2026-05-04 23:32:55,"
"
1777937575,2026-05-04 23:32:55,"
        Asia(South-East, Central, Middle)"
1777937575,2026-05-04 23:32:55,"
"
1777937575,2026-05-04 23:32:55,"
            Country                                                                             University                                    "
1777937575,2026-05-04 23:32:55,"
            Brunei                                                                              Universiti Brunei Darussalam                  "
1777937575,2026-05-04 23:32:55,"
            India                                                                               Amity University Uttar Pradesh                "
1777937575,2026-05-04 23:32:55,"
            Anna University                                                                   "
1777937575,2026-05-04 23:32:55,"
            Christ University                                                                 "
1777937575,2026-05-04 23:32:55,"
            Hindustan University                                                              "
1777937575,2026-05-04 23:32:55,"
            Hyundai Motor India                                                               "
1777937575,2026-05-04 23:32:55,"
            Indian institute of Technology, Bombay(IIT-B)                                     "
1777937575,2026-05-04 23:32:55,"
            Jawaharlal Nehru                                                                  "
1777937575,2026-05-04 23:32:55,"
            KIIT University                                                                   "
1777937575,2026-05-04 23:32:55,"
            Punjab Technical University                                                       "
1777937575,2026-05-04 23:32:55,"
            Rajagiri Center for Business Studies                                              "
1777937575,2026-05-04 23:32:55,"
            Shivaji University                                                                "
1777937575,2026-05-04 23:32:55,"
            SRM University                                                                    "
1777937575,2026-05-04 23:32:55,"
            Institute of Chemical Technology                                                  "
1777937575,2026-05-04 23:32:55,"
            Indonesia                                                                           Binus University                              "
1777937575,2026-05-04 23:32:55,"
            Politeknik TEDC Bandung                                                           "
1777937575,2026-05-04 23:32:55,"
            Universitas Airlangga                                                             "
1777937575,2026-05-04 23:32:55,"
            Universitas Indonesia                                                             "
1777937575,2026-05-04 23:32:55,"
            Kazakhstan                                                                          Al-Farabi Kazakh National University          "
1777937575,2026-05-04 23:32:55,"
            Kazakh National Pedagogical University                                            "
1777937575,2026-05-04 23:32:55,"
            KIMEP University                                                                  "
1777937575,2026-05-04 23:32:55,"
            Kyrgyzstan                                                                          Kyrgyz State National University              "
1777937575,2026-05-04 23:32:55,"
            Lebanon                                                                             The Lebanese University                       "
1777937575,2026-05-04 23:32:55,"
            Laos                                                                                National University of Laos                   "
1777937575,2026-05-04 23:32:55,"
            Malaysia                                                                            Universiti Putra Malaysia                     "
1777937575,2026-05-04 23:32:55,"
            University of Malaya                                                              "
1777937575,2026-05-04 23:32:55,"
            University Technology Malaysia                                                    "
1777937575,2026-05-04 23:32:55,"
            Curtin University Malaysia                                                        "
1777937575,2026-05-04 23:32:55,"
            University of Nottingham, Malaysia                                                "
1777937575,2026-05-04 23:32:55,"
            Mongolia                                                                            Mongolian University of Science and Technology"
1777937575,2026-05-04 23:32:55,"
            National University of Mongolia                                                   "
1777937575,2026-05-04 23:32:55,"
            Mongolian University of Life Sciences                                             "
1777937575,2026-05-04 23:32:55,"
            University of the Humanities, Mongolia                                            "
1777937575,2026-05-04 23:32:55,"
            Nepal                                                                               Lumbini Buddhist University                   "
1777937575,2026-05-04 23:32:55,"
            Singapore                                                                           Singapore Institute of Management             "
1777937575,2026-05-04 23:32:55,"
            Singapore Management University                                                   "
1777937575,2026-05-04 23:32:55,"
            Sri Lanka                                                                           University of Sri Jayewardenepura             "
1777937575,2026-05-04 23:32:55,"
            Oman                                                                                Middle East College                           "
1777937575,2026-05-04 23:32:55,"
            Philippines                                                                         University of Asia and The Pacific            "
1777937575,2026-05-04 23:32:55,"
            University of Cordilleras                                                         "
1777937575,2026-05-04 23:32:55,"
            University of Philipines                                                          "
1777937575,2026-05-04 23:32:55,"
            University of Santo Tomas                                                         "
1777937575,2026-05-04 23:32:55,"
            Sri Lanka                                                                           University of Kelaniya                        "
1777937575,2026-05-04 23:32:55,"
            University of Peradeniya                                                          "
1777937575,2026-05-04 23:32:55,"
            Thailand                                                                            Chiang Mai University                         "
1777937575,2026-05-04 23:32:55,"
            Mahidol University                                                                "
1777937575,2026-05-04 23:32:55,"
            Mahachulalongkornrajavidyalaya University                                         "
1777937575,2026-05-04 23:32:55,"
            Vietnam                                                                             Hanoi University of Technology                "
1777937575,2026-05-04 23:32:55,"
            University of Dalat                                                               "
1777937575,2026-05-04 23:32:55,"
            University of Languages & International Studies Vietnam National University, Hanoi"
1777937575,2026-05-04 23:32:55,"
            Vietnam National University                                                       "
1777937575,2026-05-04 23:32:55,"
            HCMC University of Transport                                                      "
1777937575,2026-05-04 23:32:55,"
            University of Social Sciences and Humanities, VNUHCM                              "
1777937575,2026-05-04 23:32:55,"
            Ton Duc Thang University                                                          "
1777937575,2026-05-04 23:32:55,"
            "
1777937575,2026-05-04 23:32:55,"
            * Department"
1777937575,2026-05-04 23:32:55,"
"
1777937575,2026-05-04 23:32:55,"
              Office of International Relations"
1777937575,2026-05-04 23:32:55,"
"
1777937575,2026-05-04 23:32:55,"
            * Contact"
1777937575,2026-05-04 23:32:55,"
"
1777937575,2026-05-04 23:32:55,"
              +82-2-2260-3483 / incoming@dongguk.edu"
1777937575,2026-05-04 23:32:55,"
"
1777937575,2026-05-04 23:32:55,"
    TOP"
1777937575,2026-05-04 23:32:55,"
            Seoul Campus 30, Pildong-ro 1-gil, Jung-gu, Seoul, 04620, Republic of Korea Tel. +82-2-2260-3314 Fax. +82-2-2260-2277 E-mail incoming@dongguk.edu Exchange Program scf@dongguk.edu International Students Services adm@dongguk.edu International admission cscenter@dongguk.edu Certificate Issuance, Education Verification kic@dongguk.edu Korean Language Course"
1777937575,2026-05-04 23:32:55,"
"
1777937575,2026-05-04 23:32:55,"
        Copyright(c) DONGGUK UNIVERSITY. ALL RIGHTS RESERVED."
1777937575,2026-05-04 23:32:55,"
"
1777937575,2026-05-04 23:32:55,"
          DONGGUK UNIVERSITY SITE MAP"
1777937575,2026-05-04 23:32:55,"
"
1777937575,2026-05-04 23:32:55,"
            * About DU"
1777937575,2026-05-04 23:32:55,"
            * Academics"
1777937575,2026-05-04 23:32:55,"
            * Research"
1777937575,2026-05-04 23:32:55,"
            * Admission"
1777937575,2026-05-04 23:32:55,"
            * International"
1777937575,2026-05-04 23:32:55,"
            * Giving to DU"
1777937575,2026-05-04 23:32:55,"
            * News"
